id_personas,nombre,primer_apellido,segundo_apellido,gmail
1,Cesar Arath,Lopez,Smith,cesararath@gmail.com
2,Jane,Smith,Johnson,janesmith@gmail.com
3,Michael,Johnson,Williams,michaeljohnson@gmail.com
4,Sarah,Williams,Davis,sarahwilliams@gmail.com
5,David,Brown,Taylor,davidbrown@gmail.com
6,Emily,Taylor,Anderson,emilytaylor@gmail.com
7,Matthew,Anderson,Thomas,matthewanderson@gmail.com
8,Olivia,Thomas,Robinson,oliviathomas@gmail.com
9,Christopher,Robinson,Clark,christopherrobinson@gmail.com
10,Sophia,Clark,Lewis,sophiaclark@gmail.com
11,Andrew,Lewis,Lee,andrewlewis@gmail.com
12,Isabella,Lee,Walker,isabellalee@gmail.com
13,William,Walker,Hall,williamwalker@gmail.com
14,Ava,Hall,Allen,avahall@gmail.com
15,Joseph,Allen,Young,josephallen@gmail.com
16,Mia,Young,Harris,miayoung@gmail.com
17,Charles,Harris,King,charlesharris@gmail.com
18,Charlotte,King,Green,charlotteking@gmail.com
19,Ethan,Green,Hill,ethangreen@gmail.com
20,Amelia,Hill,Adams,ameliahill@gmail.com
21,Benjamin,Adams,Campbell,benjaminadams@gmail.com
22,Harper,Campbell,Scott,harpercampbell@gmail.com
23,Aiden,Scott,Bailey,aidenscott@gmail.com
24,Evelyn,Bailey,Turner,evelynbailey@gmail.com
25,Daniel,Turner,Carter,danielturner@gmail.com
26,Sofia,Carter,Bell,sofiacarter@gmail.com
27,Matthew,Bell,Gonzalez,matthewbell@gmail.com
28,Avery,Gonzalez,Nelson,averygonzalez@gmail.com
29,James,Nelson,Mitchell,jamesnelson@gmail.com
30,Abigail,Mitchell,Perez,abigailmitchell@gmail.com
31,Sebastian,Perez,Roberts,sebastianperez@gmail.com
32,Elizabeth,Roberts,Turner,elizabethroberts@gmail.com
33,David,Turner,Phillips,davidturner@gmail.com
34,Chloe,Phillips,Campbell,chloephillips@gmail.com
35,Joseph,Campbell,Parker,josephcampbell@gmail.com
36,Madison,Parker,Evans,madisonparker@gmail.com
37,John,Evans,Edwards,john.evans@gmail.com
38,Grace,Edwards,Collins,graceedwards@gmail.com
39,Anthony,Collins,Stewart,anthonycollins@gmail.com
40,Addison,Stewart,Sanchez,addisonstewart@gmail.com
41,Dylan,Sanchez,Morris,dylansanchez@gmail.com
42,Lily,Morris,Rogers,lilymorris@gmail.com
43,Christopher,Rogers,Reed,christopherrogers@gmail.com
44,Jose Alejandro,Ortiz,Lopez,ortizlopezjose@gmail.com
45,Edwin Miguel,Vega,Perez,edwinmiguel@gmail.com
46,Alejandro,González,Hernández,alejandro.gonzalez@gmail.com
47,María,Hernández,López,maria.hernandez@gmail.com
48,José,Rodríguez,Martínez,jose.rodriguez@gmail.com
49,Andrea,García,Gómez,andrea.garcia@gmail.com
50,Guadalupe,Martínez,Pérez,guadalupe.martinez@gmail.com
51,Francisco,González,Rodríguez,francisco.gonzalez@gmail.com
52,Ana,López,Sánchez,ana.lopez@gmail.com
53,Juan,Gómez,Ramírez,juan.gomez@gmail.com
54,Alejandra,Pérez,Torres,alejandra.perez@gmail.com
55,José Luis,Flores,Vargas,joseluis.flores@gmail.com
56,Mariana,Ramírez,Romero,mariana.ramirez@gmail.com
57,Luis,Morales,Ortega,luis.morales@gmail.com
58,Diana,Ortiz,Castro,diana.ortiz@gmail.com
59,Carlos,Jiménez,Mendoza,carlos.jimenez@gmail.com
60,Adriana,Romero,Guzmán,adriana.romero@gmail.com
61,Jorge,Vargas,Nava,jorge.vargas@gmail.com
62,Verónica,Mendoza,Delgado,veronica.mendoza@gmail.com
63,Pablo,Delgado,Santos,pablo.delgado@gmail.com
64,Laura,Rodríguez,Ríos,laura.rodriguez@gmail.com
65,Antonio,Salazar,Aguilar,antonio.salazar@gmail.com
66,Isabel,Jiménez,Fuentes,isabel.jimenez@gmail.com
67,Ricardo,Soto,Chávez,ricardo.soto@gmail.com
68,Gabriela,Castro,Molina,gabriela.castro@gmail.com
69,Pedro,Ríos,Navarro,pedro.rios@gmail.com
70,Beatriz,Chávez,Sánchez,beatriz.chavez@gmail.com
71,Rodrigo,Aguilar,Díaz,rodrigo.aguilar@gmail.com
72,Silvia,Fuentes,Medina,silvia.fuentes@gmail.com
73,Javier,Santos,Gallegos,javier.santos@gmail.com
74,Paulina,Nava,Rodríguez,paulina.nava@gmail.com
75,Arturo,Medina,Guzmán,arturo.medina@gmail.com
76,Fernanda,Gallegos,Gómez,fernanda.gallegos@gmail.com
77,Rogelio,Chávez,Romero,rogelio.chavez@gmail.com
78,Julia,Molina,Ortega,julia.molina@gmail.com
79,Ramón,Guzmán,Morales,ramon.guzman@gmail.com
80,Daniela,Soto,Hernández,daniela.soto@gmail.com
81,Miguel,Ríos,Sánchez,miguel.rios@gmail.com
82,Martha,Aguilar,Delgado,martha.aguilar@gmail.com
83,Aldo,Chávez,González,aldo.chavez@gmail.com
84,Alicia,González,Salazar,alicia.gonzalez@gmail.com
85,María,García,Flores,maria.garcia@gmail.com
86,Ana,Hernández,Sánchez,ana.hernandez@gmail.com
87,Carmen,González,Ruiz,carmen.gonzalez@gmail.com
88,Juana,Rodríguez,Martínez,juana.rodriguez@gmail.com
89,Guadalupe,Martínez,Ramírez,guadalupe.martinez@gmail.com
90,Patricia,Ruiz,Gómez,patricia.ruiz@gmail.com
91,Rosa,Hernández,López,rosa.hernandez@gmail.com
92,Elizabeth,González,Torres,elizabeth.gonzalez@gmail.com
93,Laura,Rodríguez,Flores,laura.rodriguez@gmail.com
94,Alejandra,Martínez,Vargas,alejandra.martinez@gmail.com
95,Gabriela,Ruiz,Castro,gabriela.ruiz@gmail.com
96,Diana,Hernández,Rojas,diana.hernandez@gmail.com
97,Brenda,González,Navarro,brenda.gonzalez@gmail.com
98,Andrea,Rodríguez,Jiménez,andrea.rodriguez@gmail.com
99,Claudia,Martínez,Mendoza,claudia.martinez@gmail.com
100,Verónica,Ruiz,Cortés,veronica.ruiz@gmail.com
